canonical_name,phonetic_variation,category
Horsehead Nebula,horsehead nebula,nebula
Horsehead Nebula,horse head nebula,nebula
Horsehead Nebula,horse head,nebula
Horsehead Nebula,horsehead,nebula
Horsehead Nebula,hors head nebula,nebula
Horsehead Nebula,horss head nebula,nebula
Horsehead Nebula,horse hed nebula,nebula
Horsehead Nebula,horshead nebula,nebula
Horsehead Nebula,horse had nebula,nebula
Horsehead Nebula,horsehed nebula,nebula
Horsehead Nebula,hoarse head nebula,nebula
Horsehead Nebula,hourse head nebula,nebula
Horsehead Nebula,hourss head,nebula
Horsehead Nebula,horrse head nebula,nebula
Horsehead Nebula,horsee head nebula,nebula
Horsehead Nebula,horse heed nebula,nebula
Horsehead Nebula,hors hed nebula,nebula
Horsehead Nebula,horz head nebula,nebula
Horsehead Nebula,horse head nebuula,nebula
Horsehead Nebula,horsehead nebulaa,nebula
Horsehead Nebula,horse head nebullah,nebula
Horsehead Nebula,horrsehead,nebula
Horsehead Nebula,the horsehead,nebula
Horsehead Nebula,the horse head nebula,nebula
Horsehead Nebula,barnard 33,nebula
Horsehead Nebula,go to horsehead,nebula
Horsehead Nebula,slew to horse head,nebula
Horsehead Nebula,show me horsehead,nebula
Horsehead Nebula,navigate to horse head nebula,nebula
Horsehead Nebula,find horsehead nebula,nebula
Horsehead Nebula,hoars head nebula,nebula
Horsehead Nebula,hoors head nebula,nebula
Horsehead Nebula,horse head nebyula,nebula
Orion Nebula,orion nebula,nebula
Orion Nebula,orion,nebula
Orion Nebula,the orion nebula,nebula
Orion Nebula,orion nebuula,nebula
Orion Nebula,oryon nebula,nebula
Orion Nebula,orian nebula,nebula
Orion Nebula,oriun nebula,nebula
Orion Nebula,orien nebula,nebula
Orion Nebula,oreon nebula,nebula
Orion Nebula,oriin nebula,nebula
Orion Nebula,orrion nebula,nebula
Orion Nebula,m42,nebula
Orion Nebula,messier 42,nebula
Orion Nebula,the great orion nebula,nebula
Orion Nebula,orion nebullah,nebula
Orion Nebula,go to orion,nebula
Orion Nebula,slew to orion nebula,nebula
Orion Nebula,show me orion,nebula
Orion Nebula,navigate to orion,nebula
Orion Nebula,find orion nebula,nebula
Orion Nebula,orion neb,nebula
Orion Nebula,oh ryan nebula,nebula
Orion Nebula,o ryan nebula,nebula
Orion Nebula,orien,nebula
Crab Nebula,crab nebula,nebula
Crab Nebula,the crab nebula,nebula
Crab Nebula,crab,nebula
Crab Nebula,m1,nebula
Crab Nebula,messier 1,nebula
Crab Nebula,crab nebuula,nebula
Crab Nebula,crabb nebula,nebula
Crab Nebula,krab nebula,nebula
Crab Nebula,crahb nebula,nebula
Crab Nebula,crap nebula,nebula
Crab Nebula,grab nebula,nebula
Crab Nebula,crabe nebula,nebula
Crab Nebula,craab nebula,nebula
Crab Nebula,go to crab,nebula
Crab Nebula,slew to crab nebula,nebula
Crab Nebula,show me the crab,nebula
Crab Nebula,navigate to crab nebula,nebula
Crab Nebula,find crab nebula,nebula
Crab Nebula,taurus a,nebula
Eagle Nebula,eagle nebula,nebula
Eagle Nebula,the eagle nebula,nebula
Eagle Nebula,eagle,nebula
Eagle Nebula,m16,nebula
Eagle Nebula,messier 16,nebula
Eagle Nebula,eagel nebula,nebula
Eagle Nebula,eegle nebula,nebula
Eagle Nebula,egale nebula,nebula
Eagle Nebula,eagal nebula,nebula
Eagle Nebula,egle nebula,nebula
Eagle Nebula,eaglle nebula,nebula
Eagle Nebula,eagle nebuula,nebula
Eagle Nebula,eagle neb,nebula
Eagle Nebula,go to eagle,nebula
Eagle Nebula,slew to eagle nebula,nebula
Eagle Nebula,pillars of creation,nebula
Eagle Nebula,show me eagle nebula,nebula
Eagle Nebula,navigate to eagle,nebula
Eagle Nebula,star queen nebula,nebula
Ring Nebula,ring nebula,nebula
Ring Nebula,the ring nebula,nebula
Ring Nebula,ring,nebula
Ring Nebula,m57,nebula
Ring Nebula,messier 57,nebula
Ring Nebula,rinng nebula,nebula
Ring Nebula,rring nebula,nebula
Ring Nebula,ring nebuula,nebula
Ring Nebula,wring nebula,nebula
Ring Nebula,ring nebullah,nebula
Ring Nebula,go to ring,nebula
Ring Nebula,slew to ring nebula,nebula
Ring Nebula,show me ring nebula,nebula
Ring Nebula,navigate to ring,nebula
Ring Nebula,lyra ring,nebula
Lagoon Nebula,lagoon nebula,nebula
Lagoon Nebula,the lagoon,nebula
Lagoon Nebula,lagoon,nebula
Lagoon Nebula,m8,nebula
Lagoon Nebula,messier 8,nebula
Lagoon Nebula,lagune nebula,nebula
Lagoon Nebula,lagun nebula,nebula
Lagoon Nebula,lagoon nebuula,nebula
Lagoon Nebula,lagoom nebula,nebula
Lagoon Nebula,lago nebula,nebula
Lagoon Nebula,lagon nebula,nebula
Lagoon Nebula,lagoonn nebula,nebula
Lagoon Nebula,the lagoon neb,nebula
Lagoon Nebula,go to lagoon,nebula
Lagoon Nebula,slew to lagoon nebula,nebula
Lagoon Nebula,show me lagoon,nebula
Helix Nebula,helix nebula,nebula
Helix Nebula,the helix,nebula
Helix Nebula,helix,nebula
Helix Nebula,ngc 7293,nebula
Helix Nebula,healix nebula,nebula
Helix Nebula,heelix nebula,nebula
Helix Nebula,heeliks nebula,nebula
Helix Nebula,hellix nebula,nebula
Helix Nebula,eye of god,nebula
Helix Nebula,eye of god nebula,nebula
Helix Nebula,helix nebuula,nebula
Helix Nebula,go to helix,nebula
Helix Nebula,slew to helix nebula,nebula
Helix Nebula,show me helix,nebula
Tarantula Nebula,tarantula nebula,nebula
Tarantula Nebula,tarantula,nebula
Tarantula Nebula,the tarantula,nebula
Tarantula Nebula,ngc 2070,nebula
Tarantula Nebula,tarentula nebula,nebula
Tarantula Nebula,tarantuula nebula,nebula
Tarantula Nebula,tarantulla nebula,nebula
Tarantula Nebula,tarantla nebula,nebula
Tarantula Nebula,terantula nebula,nebula
Tarantula Nebula,30 doradus,nebula
Tarantula Nebula,go to tarantula,nebula
Tarantula Nebula,slew to tarantula nebula,nebula
Tarantula Nebula,dorado nebula,nebula
Cat's Eye Nebula,cat's eye nebula,nebula
Cat's Eye Nebula,cats eye nebula,nebula
Cat's Eye Nebula,cat eye nebula,nebula
Cat's Eye Nebula,catseye nebula,nebula
Cat's Eye Nebula,cat eye,nebula
Cat's Eye Nebula,cats eye,nebula
Cat's Eye Nebula,ngc 6543,nebula
Cat's Eye Nebula,kats eye nebula,nebula
Cat's Eye Nebula,cat's aye nebula,nebula
Cat's Eye Nebula,catz eye nebula,nebula
Cat's Eye Nebula,go to cat's eye,nebula
Cat's Eye Nebula,show me cats eye nebula,nebula
Cat's Eye Nebula,cat nebula,nebula
Dumbbell Nebula,dumbbell nebula,nebula
Dumbbell Nebula,the dumbbell,nebula
Dumbbell Nebula,dumbbell,nebula
Dumbbell Nebula,m27,nebula
Dumbbell Nebula,messier 27,nebula
Dumbbell Nebula,dumbell nebula,nebula
Dumbbell Nebula,dumb bell nebula,nebula
Dumbbell Nebula,dumbel nebula,nebula
Dumbbell Nebula,dumbbel nebula,nebula
Dumbbell Nebula,apple core nebula,nebula
Dumbbell Nebula,go to dumbbell,nebula
Dumbbell Nebula,slew to dumbbell nebula,nebula
Dumbbell Nebula,show me dumbbell,nebula
Rosette Nebula,rosette nebula,nebula
Rosette Nebula,the rosette,nebula
Rosette Nebula,rosette,nebula
Rosette Nebula,ngc 2237,nebula
Rosette Nebula,rosete nebula,nebula
Rosette Nebula,rozette nebula,nebula
Rosette Nebula,rosett nebula,nebula
Rosette Nebula,rossette nebula,nebula
Rosette Nebula,rose nebula,nebula
Rosette Nebula,go to rosette,nebula
Rosette Nebula,slew to rosette nebula,nebula
Rosette Nebula,show me rosette,nebula
Rosette Nebula,skull nebula,nebula
Bubble Nebula,bubble nebula,nebula
Bubble Nebula,the bubble,nebula
Bubble Nebula,bubble,nebula
Bubble Nebula,ngc 7635,nebula
Bubble Nebula,bubbel nebula,nebula
Bubble Nebula,buble nebula,nebula
Bubble Nebula,bubblle nebula,nebula
Bubble Nebula,go to bubble,nebula
Bubble Nebula,slew to bubble nebula,nebula
Bubble Nebula,show me bubble,nebula
Trifid Nebula,trifid nebula,nebula
Trifid Nebula,the trifid,nebula
Trifid Nebula,trifid,nebula
Trifid Nebula,m20,nebula
Trifid Nebula,messier 20,nebula
Trifid Nebula,triffid nebula,nebula
Trifid Nebula,trifed nebula,nebula
Trifid Nebula,tri fid nebula,nebula
Trifid Nebula,trifid nebuula,nebula
Trifid Nebula,go to trifid,nebula
Trifid Nebula,slew to trifid nebula,nebula
Omega Nebula,omega nebula,nebula
Omega Nebula,the omega,nebula
Omega Nebula,omega,nebula
Omega Nebula,m17,nebula
Omega Nebula,messier 17,nebula
Omega Nebula,omaga nebula,nebula
Omega Nebula,omegga nebula,nebula
Omega Nebula,swan nebula,nebula
Omega Nebula,horseshoe nebula,nebula
Omega Nebula,lobster nebula,nebula
Omega Nebula,go to omega,nebula
Omega Nebula,slew to omega nebula,nebula
North America Nebula,north america nebula,nebula
North America Nebula,north america,nebula
North America Nebula,ngc 7000,nebula
North America Nebula,north american nebula,nebula
North America Nebula,n america nebula,nebula
North America Nebula,america nebula,nebula
North America Nebula,go to north america nebula,nebula
North America Nebula,show me north america,nebula
Pelican Nebula,pelican nebula,nebula
Pelican Nebula,the pelican,nebula
Pelican Nebula,pelican,nebula
Pelican Nebula,ic 5070,nebula
Pelican Nebula,peliken nebula,nebula
Pelican Nebula,pellican nebula,nebula
Pelican Nebula,pelacon nebula,nebula
Pelican Nebula,go to pelican,nebula
Pelican Nebula,slew to pelican nebula,nebula
Pelican Nebula,show me pelican,nebula
Veil Nebula,veil nebula,nebula
Veil Nebula,the veil,nebula
Veil Nebula,veil,nebula
Veil Nebula,ngc 6960,nebula
Veil Nebula,vale nebula,nebula
Veil Nebula,vail nebula,nebula
Veil Nebula,viel nebula,nebula
Veil Nebula,cygnus loop,nebula
Veil Nebula,go to veil,nebula
Veil Nebula,slew to veil nebula,nebula
Veil Nebula,witches broom,nebula
Flame Nebula,flame nebula,nebula
Flame Nebula,the flame,nebula
Flame Nebula,flame,nebula
Flame Nebula,ngc 2024,nebula
Flame Nebula,flaim nebula,nebula
Flame Nebula,flam nebula,nebula
Flame Nebula,flamme nebula,nebula
Flame Nebula,go to flame,nebula
Flame Nebula,slew to flame nebula,nebula
Flame Nebula,show me flame,nebula
Cone Nebula,cone nebula,nebula
Cone Nebula,the cone,nebula
Cone Nebula,cone,nebula
Cone Nebula,ngc 2264,nebula
Cone Nebula,coan nebula,nebula
Cone Nebula,conne nebula,nebula
Cone Nebula,kon nebula,nebula
Cone Nebula,christmas tree cluster,nebula
Cone Nebula,go to cone nebula,nebula
Andromeda Galaxy,andromeda galaxy,galaxy
Andromeda Galaxy,andromeda,galaxy
Andromeda Galaxy,m31,galaxy
Andromeda Galaxy,messier 31,galaxy
Andromeda Galaxy,andromida galaxy,galaxy
Andromeda Galaxy,andromada galaxy,galaxy
Andromeda Galaxy,andromeda galaxie,galaxy
Andromeda Galaxy,andrometa galaxy,galaxy
Andromeda Galaxy,andremeda galaxy,galaxy
Andromeda Galaxy,andromida,galaxy
Andromeda Galaxy,the andromeda,galaxy
Andromeda Galaxy,go to andromeda,galaxy
Andromeda Galaxy,slew to andromeda,galaxy
Andromeda Galaxy,show me andromeda,galaxy
Andromeda Galaxy,navigate to andromeda,galaxy
Andromeda Galaxy,andromeda galexy,galaxy
Andromeda Galaxy,andromida glaxy,galaxy
Andromeda Galaxy,andromedda,galaxy
Andromeda Galaxy,andrommeda,galaxy
Andromeda Galaxy,an dromeda,galaxy
Whirlpool Galaxy,whirlpool galaxy,galaxy
Whirlpool Galaxy,whirlpool,galaxy
Whirlpool Galaxy,m51,galaxy
Whirlpool Galaxy,messier 51,galaxy
Whirlpool Galaxy,whirpool galaxy,galaxy
Whirlpool Galaxy,whirlpol galaxy,galaxy
Whirlpool Galaxy,wirlpool galaxy,galaxy
Whirlpool Galaxy,wherlpool galaxy,galaxy
Whirlpool Galaxy,wirl pool galaxy,galaxy
Whirlpool Galaxy,whirl pool,galaxy
Whirlpool Galaxy,go to whirlpool,galaxy
Whirlpool Galaxy,slew to whirlpool,galaxy
Whirlpool Galaxy,show me whirlpool,galaxy
Sombrero Galaxy,sombrero galaxy,galaxy
Sombrero Galaxy,sombrero,galaxy
Sombrero Galaxy,m104,galaxy
Sombrero Galaxy,messier 104,galaxy
Sombrero Galaxy,sombero galaxy,galaxy
Sombrero Galaxy,sombraro galaxy,galaxy
Sombrero Galaxy,sombrerro galaxy,galaxy
Sombrero Galaxy,sombreroo galaxy,galaxy
Sombrero Galaxy,sombrayro galaxy,galaxy
Sombrero Galaxy,the sombrero,galaxy
Sombrero Galaxy,go to sombrero,galaxy
Sombrero Galaxy,slew to sombrero galaxy,galaxy
Sombrero Galaxy,hat galaxy,galaxy
Triangulum Galaxy,triangulum galaxy,galaxy
Triangulum Galaxy,triangulum,galaxy
Triangulum Galaxy,m33,galaxy
Triangulum Galaxy,messier 33,galaxy
Triangulum Galaxy,trianglum galaxy,galaxy
Triangulum Galaxy,triangulum galaxie,galaxy
Triangulum Galaxy,triangullum,galaxy
Triangulum Galaxy,trianngulum galaxy,galaxy
Triangulum Galaxy,pinwheel galaxy m33,galaxy
Triangulum Galaxy,the triangulum,galaxy
Triangulum Galaxy,go to triangulum,galaxy
Triangulum Galaxy,slew to triangulum,galaxy
Triangulum Galaxy,tri angulum,galaxy
Pinwheel Galaxy,pinwheel galaxy,galaxy
Pinwheel Galaxy,pinwheel,galaxy
Pinwheel Galaxy,m101,galaxy
Pinwheel Galaxy,messier 101,galaxy
Pinwheel Galaxy,pinweel galaxy,galaxy
Pinwheel Galaxy,pin wheel galaxy,galaxy
Pinwheel Galaxy,pinwhel galaxy,galaxy
Pinwheel Galaxy,pinwheeel galaxy,galaxy
Pinwheel Galaxy,go to pinwheel,galaxy
Pinwheel Galaxy,slew to pinwheel,galaxy
Sunflower Galaxy,sunflower galaxy,galaxy
Sunflower Galaxy,sunflower,galaxy
Sunflower Galaxy,m63,galaxy
Sunflower Galaxy,messier 63,galaxy
Sunflower Galaxy,sunflouwer galaxy,galaxy
Sunflower Galaxy,sun flower galaxy,galaxy
Sunflower Galaxy,sunflowwer,galaxy
Sunflower Galaxy,go to sunflower,galaxy
Sunflower Galaxy,slew to sunflower galaxy,galaxy
Black Eye Galaxy,black eye galaxy,galaxy
Black Eye Galaxy,black eye,galaxy
Black Eye Galaxy,m64,galaxy
Black Eye Galaxy,messier 64,galaxy
Black Eye Galaxy,blackeye galaxy,galaxy
Black Eye Galaxy,black i galaxy,galaxy
Black Eye Galaxy,blak eye galaxy,galaxy
Black Eye Galaxy,sleeping beauty galaxy,galaxy
Black Eye Galaxy,evil eye galaxy,galaxy
Black Eye Galaxy,go to black eye,galaxy
Black Eye Galaxy,slew to black eye galaxy,galaxy
Cigar Galaxy,cigar galaxy,galaxy
Cigar Galaxy,cigar,galaxy
Cigar Galaxy,m82,galaxy
Cigar Galaxy,messier 82,galaxy
Cigar Galaxy,ciggar galaxy,galaxy
Cigar Galaxy,sigar galaxy,galaxy
Cigar Galaxy,cigare galaxy,galaxy
Cigar Galaxy,go to cigar,galaxy
Cigar Galaxy,slew to cigar galaxy,galaxy
Bode's Galaxy,bode's galaxy,galaxy
Bode's Galaxy,bodes galaxy,galaxy
Bode's Galaxy,bode galaxy,galaxy
Bode's Galaxy,m81,galaxy
Bode's Galaxy,messier 81,galaxy
Bode's Galaxy,bodess galaxy,galaxy
Bode's Galaxy,bodies galaxy,galaxy
Bode's Galaxy,boadies galaxy,galaxy
Bode's Galaxy,go to bode's,galaxy
Bode's Galaxy,slew to bode's galaxy,galaxy
Bode's Galaxy,bode,galaxy
Centaurus A,centaurus a,galaxy
Centaurus A,centaurus,galaxy
Centaurus A,ngc 5128,galaxy
Centaurus A,cen a,galaxy
Centaurus A,centarus a,galaxy
Centaurus A,centauros a,galaxy
Centaurus A,centauras a,galaxy
Centaurus A,centaurs a,galaxy
Centaurus A,go to centaurus,galaxy
Centaurus A,slew to centaurus a,galaxy
Centaurus A,hamburger galaxy,galaxy
Cartwheel Galaxy,cartwheel galaxy,galaxy
Cartwheel Galaxy,cartwheel,galaxy
Cartwheel Galaxy,cart wheel galaxy,galaxy
Cartwheel Galaxy,cartweel galaxy,galaxy
Cartwheel Galaxy,cartwhel galaxy,galaxy
Cartwheel Galaxy,kartweel galaxy,galaxy
Cartwheel Galaxy,go to cartwheel,galaxy
Cartwheel Galaxy,slew to cartwheel galaxy,galaxy
Pleiades,pleiades,cluster
Pleiades,the pleiades,cluster
Pleiades,m45,cluster
Pleiades,messier 45,cluster
Pleiades,seven sisters,cluster
Pleiades,playades,cluster
Pleiades,pleades,cluster
Pleiades,pleiedes,cluster
Pleiades,pleiadas,cluster
Pleiades,plieades,cluster
Pleiades,pleiadees,cluster
Pleiades,pleyades,cluster
Pleiades,pliades,cluster
Pleiades,the seven sisters,cluster
Pleiades,subaru,cluster
Pleiades,go to pleiades,cluster
Pleiades,slew to pleiades,cluster
Pleiades,show me pleiades,cluster
Pleiades,navigate to pleiades,cluster
Pleiades,playadees,cluster
Pleiades,playa dees,cluster
Pleiades,pleadies,cluster
Hyades,hyades,cluster
Hyades,the hyades,cluster
Hyades,melotte 25,cluster
Hyades,hiyades,cluster
Hyades,hiades,cluster
Hyades,haydes,cluster
Hyades,hyads,cluster
Hyades,hyaades,cluster
Hyades,hi a dees,cluster
Hyades,hyadees,cluster
Hyades,go to hyades,cluster
Hyades,slew to hyades,cluster
Hyades,show me hyades,cluster
Beehive Cluster,beehive cluster,cluster
Beehive Cluster,beehive,cluster
Beehive Cluster,m44,cluster
Beehive Cluster,messier 44,cluster
Beehive Cluster,praesepe,cluster
Beehive Cluster,bee hive cluster,cluster
Beehive Cluster,beehiv cluster,cluster
Beehive Cluster,beehyve cluster,cluster
Beehive Cluster,be hive cluster,cluster
Beehive Cluster,bee hive,cluster
Beehive Cluster,beehivve,cluster
Beehive Cluster,go to beehive,cluster
Beehive Cluster,slew to beehive cluster,cluster
Beehive Cluster,the manger,cluster
Hercules Cluster,hercules cluster,cluster
Hercules Cluster,hercules,cluster
Hercules Cluster,m13,cluster
Hercules Cluster,messier 13,cluster
Hercules Cluster,herculees cluster,cluster
Hercules Cluster,hercales cluster,cluster
Hercules Cluster,herkules cluster,cluster
Hercules Cluster,herculs cluster,cluster
Hercules Cluster,great hercules cluster,cluster
Hercules Cluster,great globular,cluster
Hercules Cluster,go to hercules,cluster
Hercules Cluster,slew to hercules cluster,cluster
Hercules Cluster,show me m13,cluster
Omega Centauri,omega centauri,cluster
Omega Centauri,omega cen,cluster
Omega Centauri,ngc 5139,cluster
Omega Centauri,omaga centauri,cluster
Omega Centauri,omega centari,cluster
Omega Centauri,omega centaurii,cluster
Omega Centauri,omega centaurus,cluster
Omega Centauri,oh mega centauri,cluster
Omega Centauri,o mega cen,cluster
Omega Centauri,go to omega centauri,cluster
Omega Centauri,slew to omega cen,cluster
Double Cluster,double cluster,cluster
Double Cluster,the double cluster,cluster
Double Cluster,ngc 869,cluster
Double Cluster,ngc 884,cluster
Double Cluster,duble cluster,cluster
Double Cluster,doubel cluster,cluster
Double Cluster,double clustter,cluster
Double Cluster,caldwell 14,cluster
Double Cluster,h and chi persei,cluster
Double Cluster,go to double cluster,cluster
Wild Duck Cluster,wild duck cluster,cluster
Wild Duck Cluster,wild duck,cluster
Wild Duck Cluster,m11,cluster
Wild Duck Cluster,messier 11,cluster
Wild Duck Cluster,wild duk cluster,cluster
Wild Duck Cluster,wilde duck cluster,cluster
Wild Duck Cluster,wildduck,cluster
Wild Duck Cluster,go to wild duck,cluster
Wild Duck Cluster,slew to wild duck cluster,cluster
Jewel Box,jewel box,cluster
Jewel Box,the jewel box,cluster
Jewel Box,ngc 4755,cluster
Jewel Box,kappa crucis,cluster
Jewel Box,jewl box,cluster
Jewel Box,jewle box,cluster
Jewel Box,jewel boxx,cluster
Jewel Box,jewell box,cluster
Jewel Box,go to jewel box,cluster
Jewel Box,slew to jewel box cluster,cluster
Butterfly Cluster,butterfly cluster,cluster
Butterfly Cluster,butterfly,cluster
Butterfly Cluster,m6,cluster
Butterfly Cluster,messier 6,cluster
Butterfly Cluster,buttefly cluster,cluster
Butterfly Cluster,butterflly cluster,cluster
Butterfly Cluster,butter fly cluster,cluster
Butterfly Cluster,go to butterfly,cluster
Butterfly Cluster,slew to butterfly cluster,cluster
Sirius,sirius,star
Sirius,sirius star,star
Sirius,alpha canis majoris,star
Sirius,dog star,star
Sirius,sirus,star
Sirius,sirous,star
Sirius,siriuss,star
Sirius,cyrus,star
Sirius,syrius,star
Sirius,sirrius,star
Sirius,go to sirius,star
Sirius,slew to sirius,star
Sirius,show me sirius,star
Sirius,navigate to sirius,star
Sirius,find sirius,star
Sirius,seerius,star
Sirius,cirius,star
Betelgeuse,betelgeuse,star
Betelgeuse,betelgeuse star,star
Betelgeuse,alpha orionis,star
Betelgeuse,beetlejuice,star
Betelgeuse,betelgeuze,star
Betelgeuse,beteljuice,star
Betelgeuse,betelgeus,star
Betelgeuse,betelguese,star
Betelgeuse,betlegeuse,star
Betelgeuse,betelgueuse,star
Betelgeuse,beetle juice,star
Betelgeuse,beetle jews,star
Betelgeuse,go to betelgeuse,star
Betelgeuse,slew to betelgeuse,star
Betelgeuse,show me betelgeuse,star
Betelgeuse,beatle juice,star
Betelgeuse,bettelgeuse,star
Betelgeuse,bettlejuice,star
Betelgeuse,betelguse,star
Rigel,rigel,star
Rigel,rigel star,star
Rigel,beta orionis,star
Rigel,rygel,star
Rigel,riggel,star
Rigel,rijel,star
Rigel,rigell,star
Rigel,reigel,star
Rigel,rygell,star
Rigel,riegel,star
Rigel,go to rigel,star
Rigel,slew to rigel,star
Rigel,show me rigel,star
Vega,vega,star
Vega,vega star,star
Vega,alpha lyrae,star
Vega,veega,star
Vega,vaiga,star
Vega,vegga,star
Vega,viga,star
Vega,vegah,star
Vega,vaega,star
Vega,wega,star
Vega,go to vega,star
Vega,slew to vega,star
Vega,show me vega,star
Arcturus,arcturus,star
Arcturus,arcturus star,star
Arcturus,alpha bootis,star
Arcturus,arcturis,star
Arcturus,arkturis,star
Arcturus,arcturos,star
Arcturus,arcturas,star
Arcturus,arkturus,star
Arcturus,arckturus,star
Arcturus,go to arcturus,star
Arcturus,slew to arcturus,star
Arcturus,show me arcturus,star
Capella,capella,star
Capella,capella star,star
Capella,alpha aurigae,star
Capella,cappella,star
Capella,kapella,star
Capella,capela,star
Capella,capellah,star
Capella,capellaa,star
Capella,capila,star
Capella,go to capella,star
Capella,slew to capella,star
Capella,show me capella,star
Aldebaran,aldebaran,star
Aldebaran,aldebaran star,star
Aldebaran,alpha tauri,star
Aldebaran,eye of taurus,star
Aldebaran,aldabaran,star
Aldebaran,aldeberan,star
Aldebaran,aldebaraan,star
Aldebaran,aldebran,star
Aldebaran,alderban,star
Aldebaran,aldebarann,star
Aldebaran,al debaran,star
Aldebaran,al deb a ran,star
Aldebaran,aldibaran,star
Aldebaran,go to aldebaran,star
Aldebaran,slew to aldebaran,star
Aldebaran,show me aldebaran,star
Antares,antares,star
Antares,antares star,star
Antares,alpha scorpii,star
Antares,heart of scorpion,star
Antares,antarees,star
Antares,antaris,star
Antares,antaress,star
Antares,antarres,star
Antares,an tares,star
Antares,go to antares,star
Antares,slew to antares,star
Antares,show me antares,star
Spica,spica,star
Spica,spica star,star
Spica,alpha virginis,star
Spica,speeka,star
Spica,spicah,star
Spica,spika,star
Spica,spicca,star
Spica,speeca,star
Spica,spyka,star
Spica,spyca,star
Spica,go to spica,star
Spica,slew to spica,star
Spica,show me spica,star
Pollux,pollux,star
Pollux,pollux star,star
Pollux,beta geminorum,star
Pollux,polux,star
Pollux,pollucks,star
Pollux,pollox,star
Pollux,polluks,star
Pollux,pollucx,star
Pollux,pollaks,star
Pollux,poluks,star
Pollux,go to pollux,star
Pollux,slew to pollux,star
Pollux,show me pollux,star
Procyon,procyon,star
Procyon,procyon star,star
Procyon,alpha canis minoris,star
Procyon,prosion,star
Procyon,procian,star
Procyon,prokyon,star
Procyon,procyen,star
Procyon,prosyon,star
Procyon,procyonn,star
Procyon,go to procyon,star
Procyon,slew to procyon,star
Procyon,show me procyon,star
Deneb,deneb,star
Deneb,deneb star,star
Deneb,alpha cygni,star
Deneb,denneb,star
Deneb,deneeb,star
Deneb,denib,star
Deneb,denepp,star
Deneb,denebb,star
Deneb,deaneb,star
Deneb,daneb,star
Deneb,go to deneb,star
Deneb,slew to deneb,star
Deneb,show me deneb,star
Altair,altair,star
Altair,altair star,star
Altair,alpha aquilae,star
Altair,altare,star
Altair,altayr,star
Altair,alltair,star
Altair,altiar,star
Altair,altaiir,star
Altair,altir,star
Altair,al tair,star
Altair,go to altair,star
Altair,slew to altair,star
Altair,show me altair,star
Fomalhaut,fomalhaut,star
Fomalhaut,fomalhaut star,star
Fomalhaut,alpha piscis austrini,star
Fomalhaut,formalhaut,star
Fomalhaut,fomelhaut,star
Fomalhaut,fomalhot,star
Fomalhaut,fomalhautt,star
Fomalhaut,foam al hoot,star
Fomalhaut,formal haut,star
Fomalhaut,fomal haut,star
Fomalhaut,fumalhaut,star
Fomalhaut,go to fomalhaut,star
Fomalhaut,slew to fomalhaut,star
Fomalhaut,show me fomalhaut,star
Regulus,regulus,star
Regulus,regulus star,star
Regulus,alpha leonis,star
Regulus,regulis,star
Regulus,regulas,star
Regulus,reggulus,star
Regulus,regullus,star
Regulus,rejulus,star
Regulus,regalus,star
Regulus,go to regulus,star
Regulus,slew to regulus,star
Regulus,show me regulus,star
Polaris,polaris,star
Polaris,polaris star,star
Polaris,north star,star
Polaris,pole star,star
Polaris,polares,star
Polaris,polariss,star
Polaris,polarius,star
Polaris,polairis,star
Polaris,polarus,star
Polaris,the north star,star
Polaris,go to polaris,star
Polaris,slew to polaris,star
Mercury,mercury,planet
Mercury,planet mercury,planet
Mercury,mercuree,planet
Mercury,merkury,planet
Mercury,mercuri,planet
Mercury,murcury,planet
Mercury,mercuury,planet
Mercury,mercry,planet
Mercury,mercuryy,planet
Mercury,merkuri,planet
Mercury,go to mercury,planet
Mercury,slew to mercury,planet
Mercury,show me mercury,planet
Venus,venus,planet
Venus,planet venus,planet
Venus,veenas,planet
Venus,veenus,planet
Venus,venuss,planet
Venus,vinous,planet
Venus,venis,planet
Venus,venius,planet
Venus,vennus,planet
Venus,the morning star,planet
Venus,go to venus,planet
Venus,slew to venus,planet
Venus,show me venus,planet
Venus,evening star,planet
Mars,mars,planet
Mars,planet mars,planet
Mars,the red planet,planet
Mars,marss,planet
Mars,marz,planet
Mars,maars,planet
Mars,marrs,planet
Mars,mahrs,planet
Mars,marts,planet
Mars,red planet,planet
Mars,go to mars,planet
Mars,slew to mars,planet
Mars,show me mars,planet
Jupiter,jupiter,planet
Jupiter,planet jupiter,planet
Jupiter,jupeter,planet
Jupiter,jupitor,planet
Jupiter,jupitter,planet
Jupiter,jupitur,planet
Jupiter,jupitar,planet
Jupiter,joopiter,planet
Jupiter,juppiter,planet
Jupiter,jupiteer,planet
Jupiter,go to jupiter,planet
Jupiter,slew to jupiter,planet
Jupiter,show me jupiter,planet
Saturn,saturn,planet
Saturn,planet saturn,planet
Saturn,saturne,planet
Saturn,satturn,planet
Saturn,saturnn,planet
Saturn,satarn,planet
Saturn,saturm,planet
Saturn,saturrn,planet
Saturn,satun,planet
Saturn,saitern,planet
Saturn,go to saturn,planet
Saturn,slew to saturn,planet
Saturn,show me saturn,planet
Saturn,the rings,planet
Uranus,uranus,planet
Uranus,planet uranus,planet
Uranus,urenus,planet
Uranus,uranas,planet
Uranus,uranis,planet
Uranus,uraynus,planet
Uranus,urinus,planet
Uranus,youranus,planet
Uranus,urinous,planet
Uranus,uranuss,planet
Uranus,go to uranus,planet
Uranus,slew to uranus,planet
Uranus,show me uranus,planet
Neptune,neptune,planet
Neptune,planet neptune,planet
Neptune,neptun,planet
Neptune,neptuune,planet
Neptune,neptunne,planet
Neptune,neptoone,planet
Neptune,nepptune,planet
Neptune,neptyne,planet
Neptune,neptunee,planet
Neptune,naptune,planet
Neptune,go to neptune,planet
Neptune,slew to neptune,planet
Neptune,show me neptune,planet
Pluto,pluto,dwarf_planet
Pluto,pluto dwarf planet,dwarf_planet
Pluto,plutoo,dwarf_planet
Pluto,plutow,dwarf_planet
Pluto,plutoe,dwarf_planet
Pluto,pluuto,dwarf_planet
Pluto,plutto,dwarf_planet
Pluto,plooto,dwarf_planet
Pluto,plutoh,dwarf_planet
Pluto,plewtoe,dwarf_planet
Pluto,go to pluto,dwarf_planet
Pluto,slew to pluto,dwarf_planet
Pluto,show me pluto,dwarf_planet
Moon,moon,moon
Moon,the moon,moon
Moon,luna,moon
Moon,mooon,moon
Moon,muun,moon
Moon,moonn,moon
Moon,go to moon,moon
Moon,slew to moon,moon
Moon,show me the moon,moon
Moon,navigate to moon,moon
Moon,earth's moon,moon
Moon,earths moon,moon
Europa,europa,moon
Europa,jupiter's europa,moon
Europa,eurupa,moon
Europa,euroopa,moon
Europa,euopa,moon
Europa,europpa,moon
Europa,europia,moon
Europa,go to europa,moon
Europa,slew to europa,moon
Titan,titan,moon
Titan,saturn's titan,moon
Titan,tytan,moon
Titan,tiitan,moon
Titan,titann,moon
Titan,tightan,moon
Titan,go to titan,moon
Titan,slew to titan,moon
Titan,show me titan,moon
Io,io,moon
Io,jupiter's io,moon
Io,eye oh,moon
Io,iyo,moon
Io,eeo,moon
Io,ioo,moon
Io,go to io,moon
Io,slew to io,moon
Io,show me io,moon
Ganymede,ganymede,moon
Ganymede,gannymede,moon
Ganymede,ganimede,moon
Ganymede,gannymeede,moon
Ganymede,ganymeed,moon
Ganymede,go to ganymede,moon
Ganymede,slew to ganymede,moon
Ganymede,show me ganymede,moon
Callisto,callisto,moon
Callisto,calisto,moon
Callisto,callizto,moon
Callisto,callistoo,moon
Callisto,kalisto,moon
Callisto,go to callisto,moon
Callisto,slew to callisto,moon
Callisto,show me callisto,moon
Enceladus,enceladus,moon
Enceladus,enseladus,moon
Enceladus,encelados,moon
Enceladus,enceladis,moon
Enceladus,enceladuss,moon
Enceladus,go to enceladus,moon
Enceladus,slew to enceladus,moon
Enceladus,show me enceladus,moon
Triton,triton,moon
Triton,neptune's triton,moon
Triton,tritan,moon
Triton,tryton,moon
Triton,tritoon,moon
Triton,go to triton,moon
Triton,slew to triton,moon
Triton,show me triton,moon
M1,m1,messier
M1,messier 1,messier
M1,messier one,messier
M1,em one,messier
M2,m2,messier
M2,messier 2,messier
M2,messier two,messier
M3,m3,messier
M3,messier 3,messier
M3,messier three,messier
M4,m4,messier
M4,messier 4,messier
M4,messier four,messier
M5,m5,messier
M5,messier 5,messier
M5,messier five,messier
M6,m6,messier
M6,messier 6,messier
M6,messier six,messier
M7,m7,messier
M7,messier 7,messier
M7,messier seven,messier
M8,m8,messier
M8,messier 8,messier
M8,messier eight,messier
M9,m9,messier
M9,messier 9,messier
M9,messier nine,messier
M10,m10,messier
M10,messier 10,messier
M10,messier ten,messier
M11,m11,messier
M11,messier 11,messier
M11,messier eleven,messier
M12,m12,messier
M12,messier 12,messier
M13,m13,messier
M13,messier 13,messier
M13,messier thirteen,messier
M14,m14,messier
M14,messier 14,messier
M15,m15,messier
M15,messier 15,messier
M16,m16,messier
M16,messier 16,messier
M17,m17,messier
M17,messier 17,messier
M18,m18,messier
M18,messier 18,messier
M19,m19,messier
M19,messier 19,messier
M20,m20,messier
M20,messier 20,messier
M21,m21,messier
M21,messier 21,messier
M22,m22,messier
M22,messier 22,messier
M23,m23,messier
M23,messier 23,messier
M24,m24,messier
M24,messier 24,messier
M25,m25,messier
M25,messier 25,messier
M26,m26,messier
M26,messier 26,messier
M27,m27,messier
M27,messier 27,messier
M28,m28,messier
M28,messier 28,messier
M29,m29,messier
M29,messier 29,messier
M30,m30,messier
M30,messier 30,messier
M31,m31,messier
M31,messier 31,messier
M32,m32,messier
M32,messier 32,messier
M33,m33,messier
M33,messier 33,messier
M34,m34,messier
M34,messier 34,messier
M35,m35,messier
M35,messier 35,messier
M36,m36,messier
M36,messier 36,messier
M37,m37,messier
M37,messier 37,messier
M38,m38,messier
M38,messier 38,messier
M39,m39,messier
M39,messier 39,messier
M40,m40,messier
M40,messier 40,messier
M41,m41,messier
M41,messier 41,messier
M42,m42,messier
M42,messier 42,messier
M43,m43,messier
M43,messier 43,messier
M44,m44,messier
M44,messier 44,messier
M45,m45,messier
M45,messier 45,messier
M46,m46,messier
M46,messier 46,messier
M47,m47,messier
M47,messier 47,messier
M48,m48,messier
M48,messier 48,messier
M49,m49,messier
M49,messier 49,messier
M50,m50,messier
M50,messier 50,messier
M51,m51,messier
M51,messier 51,messier
M52,m52,messier
M52,messier 52,messier
M53,m53,messier
M53,messier 53,messier
M54,m54,messier
M54,messier 54,messier
M55,m55,messier
M55,messier 55,messier
M56,m56,messier
M56,messier 56,messier
M57,m57,messier
M57,messier 57,messier
M58,m58,messier
M58,messier 58,messier
M59,m59,messier
M59,messier 59,messier
M60,m60,messier
M60,messier 60,messier
M61,m61,messier
M61,messier 61,messier
M62,m62,messier
M62,messier 62,messier
M63,m63,messier
M63,messier 63,messier
M64,m64,messier
M64,messier 64,messier
M65,m65,messier
M65,messier 65,messier
M66,m66,messier
M66,messier 66,messier
M67,m67,messier
M67,messier 67,messier
M68,m68,messier
M68,messier 68,messier
M69,m69,messier
M69,messier 69,messier
M70,m70,messier
M70,messier 70,messier
M71,m71,messier
M71,messier 71,messier
M72,m72,messier
M72,messier 72,messier
M73,m73,messier
M73,messier 73,messier
M74,m74,messier
M74,messier 74,messier
M75,m75,messier
M75,messier 75,messier
M76,m76,messier
M76,messier 76,messier
M77,m77,messier
M77,messier 77,messier
M78,m78,messier
M78,messier 78,messier
M79,m79,messier
M79,messier 79,messier
M80,m80,messier
M80,messier 80,messier
M81,m81,messier
M81,messier 81,messier
M82,m82,messier
M82,messier 82,messier
M83,m83,messier
M83,messier 83,messier
M84,m84,messier
M84,messier 84,messier
M85,m85,messier
M85,messier 85,messier
M86,m86,messier
M86,messier 86,messier
M87,m87,messier
M87,messier 87,messier
M88,m88,messier
M88,messier 88,messier
M89,m89,messier
M89,messier 89,messier
M90,m90,messier
M90,messier 90,messier
M91,m91,messier
M91,messier 91,messier
M92,m92,messier
M92,messier 92,messier
M93,m93,messier
M93,messier 93,messier
M94,m94,messier
M94,messier 94,messier
M95,m95,messier
M95,messier 95,messier
M96,m96,messier
M96,messier 96,messier
M97,m97,messier
M97,messier 97,messier
M98,m98,messier
M98,messier 98,messier
M99,m99,messier
M99,messier 99,messier
M100,m100,messier
M100,messier 100,messier
M101,m101,messier
M101,messier 101,messier
M102,m102,messier
M102,messier 102,messier
M103,m103,messier
M103,messier 103,messier
M104,m104,messier
M104,messier 104,messier
M105,m105,messier
M105,messier 105,messier
M106,m106,messier
M106,messier 106,messier
M107,m107,messier
M107,messier 107,messier
M108,m108,messier
M108,messier 108,messier
M109,m109,messier
M109,messier 109,messier
M110,m110,messier
M110,messier 110,messier
California Nebula,california nebula,nebula
California Nebula,california,nebula
California Nebula,the california nebula,nebula
California Nebula,california neb,nebula
California Nebula,ngc 1499,nebula
California Nebula,californa nebula,nebula
California Nebula,californya nebula,nebula
California Nebula,kalifornia nebula,nebula
California Nebula,go to california,nebula
California Nebula,slew to california nebula,nebula
California Nebula,show me california,nebula
California Nebula,show me california nebula,nebula
California Nebula,navigate to california,nebula
California Nebula,find california nebula,nebula
California Nebula,cali nebula,nebula
California Nebula,cal nebula,nebula
Soul Nebula,soul nebula,nebula
Soul Nebula,soul,nebula
Soul Nebula,the soul nebula,nebula
Soul Nebula,ic 1848,nebula
Soul Nebula,westerhout 5,nebula
Soul Nebula,go to soul nebula,nebula
Soul Nebula,show me soul,nebula
Heart Nebula,heart nebula,nebula
Heart Nebula,heart,nebula
Heart Nebula,the heart nebula,nebula
Heart Nebula,ic 1805,nebula
Heart Nebula,go to heart nebula,nebula
Heart Nebula,show me heart,nebula
Witch Head Nebula,witch head nebula,nebula
Witch Head Nebula,witch head,nebula
Witch Head Nebula,ic 2118,nebula
Witch Head Nebula,go to witch head,nebula
Pacman Nebula,pacman nebula,nebula
Pacman Nebula,pacman,nebula
Pacman Nebula,pac man nebula,nebula
Pacman Nebula,ngc 281,nebula
Pacman Nebula,go to pacman,nebula
Owl Nebula,owl nebula,nebula
Owl Nebula,owl,nebula
Owl Nebula,m97,nebula
Owl Nebula,messier 97,nebula
Owl Nebula,go to owl nebula,nebula
